block,MPN,status,LCSC,qty_per_board,unit_price_usd,stock_and_date,notes,status_note
AFE-head,OPA858IDSGR,frozen,C970232,1 per head,3.97,JLC 1498 (snap 2026-09-02),TIA at 5.0 V; VBOT 3.0 V; Rf 4.99k/Cf 1.5p (S12572),Jul 11 freeze part; on PHB per #2 (frozen 2026-09-29)
AFE-head,TLV3601DCKR,frozen,C2974371,2 per head,2.83,JLC 11998 (snap 2026-09-02),LO ~5 p.e. / HI ~25 p.e.; 3.3 V,Jul 11 freeze part; on PHB per #2
AFE-head,SN65LVDS1DBVR,proposed,C465731,2 per head,0.87,LCSC 10167 (2026-09),LVDS driver over 50 cm harness,PHB architecture frozen (#2); part choice proposed
AFE-head,MCP4728T-E/UN,proposed,C478093,1 per head,2.45,LCSC 7943 (2026-09),VTH_LO/VTH_HI/VBOT/VINJ; EEPROM safe defaults,PHB architecture frozen (#2); part choice proposed
AFE-head,SN74LVC1G3157DBVR,proposed,C10426,1 per head,,LCSC 50964 (2026-09),charge injection switch; 1 pF C0G,injection required by Jul 11 freeze; circuit proposed
AFE-head,TMP117AIDRVR,proposed,C699536,1 per head,,LCSC 41204 (live 2026-09-29),SiPM temperature for 60 mV/C bias compensation,
AFE-head,AT24CS02-STUM-T,proposed,C2060969,1 per head,,LCSC 838 (2026-09),head ID + calibration; 128-bit serial,
AFE-head,SGM2211-5.0XN5G/TR,proposed,C3294701,1 per head,2.21,JLC 1421 / LCSC 2965 (live 2026-09-29),6 V -> 5 V low-noise for OPA858,
AFE-head,TLV75733PDYDR,proposed,C22399950,1 per head,0.28,JLC 2407 / LCSC 2505 (live 2026-09-29),5 V -> 3.3 V head logic,
Connector,Molex 0430452400 (Micro-Fit 3.0 2x12 RA),frozen,C277384,4 main + 1 per head,,JLC 1045 / LCSC 610 (live 2026-09-29),THT; locking; 600 V; harness housing 0430252400 C485674,decision #2 frozen 2026-09-29; pin order pending G-MECH1; harness route #12 (see Harness rows)
SiPM,Hamamatsu S12572-33-015P,frozen,n/a,1 per head,,sunk asset (sPHENIX HCal),soldered directly on PHB (#8); TEC units: on <=3 cm flex carrier; S13360 / MicroFC via BOM variants,HCal path frozen 2026-07-15; mounting frozen #8 2026-09-29 (user 20:36)
HV,LT3482EUD#TRPBF,frozen,C515895,1,7.80,LCSC 2592 (live 2026-09),HV_RAW <=85 V from 6 V rail,HCal path frozen 2026-07-15
HV,MMBT5551 (PJSEMI),proposed,C2977363,8,0.017,JLC 21472 (snap),160 V follower + cascode per channel trim,
HV,DAC80508ZRTER,proposed,C2679499,1,16.12,JLC 144 / LCSC 895 (live 2026-09-29),zero-scale power-up; HV trims + global HV; PRE-ORDER (low JLC stock),freeze had 2x DAC80508-class; 1x Z variant proposed
HV/ADC,ADS7128IRTER,proposed,C2867992,3,3.02,LCSC 1155 (2026-09),"#1-2: HV readback + 8 NTC + rails; #3: GPIO for PRESENT#x4, enclosure, interlock cause",qty 2->3 (2026-09-29) to close ESP32 GPIO budget
HV,"BAS21,215",proposed,C8661,8,,LCSC 221621,250 V clamps (replaces BAV99),
Timing,ICE40UP5K-SG48I,frozen,C2678152,1,8.87 @30,JLC 728 / LCSC 274,VCC & VCCPLL 1.2 V (RC filter),Jul 11 freeze part
Timing,TLV77312PDBVR,proposed,C30806341,1,0.057,JLC 867 / LCSC 860 (live 2026-09-29),1.2 V core/PLL LDO,VCCPLL bug fix
Timing,HCI 8132H-50.000ML33DTL,proposed,C19674255,1,1.74,JLC 888 (snap) / LCSC 0 (live 2026-09-29),50 MHz +-2 ppm CMOS TCXO -> PLL 100 MHz; alt TC32H4-25.000 C5119013,
Timing,DS90LV048ATMTCX,proposed,C87137,2,1.65,LCSC 2896 (2026-09),quad LVDS receiver (iCE40 diff inputs need >=250 mV: rejected),needed by frozen #2 (LVDS harness)
Timing,W25Q128JVSIQ,removed,C97521,0,,LCSC 4548 (live 2026-09-29),REMOVED: ESP32-S3 configures iCE40 in SPI-slave mode from its 16 MB flash,proposed removal 2026-09-29 (FPGA I/O budget 37/39 without it)
GNSS,MAX-M10S-00B,proposed,C4153167,1,10.78,JLC 1656 / LCSC 611 (live 2026-09-29),TIMEPULSE -> FPGA; active antenna via U.FL,replaces freeze LC76G; data over ESP32 I2C0 (DDC); PPS -> FPGA + ESP IO15
Controller,ESP32-S3-WROOM-1U-N16,frozen,C2980298,1,5.07,JLC 4947 / LCSC 1689 (live 2026-09-29),"-40..85 C; USB-OTG CDC+MSC; Wi-Fi/BLE; SDMMC; I/O map spec d.6.1 (33/36 used, 3 spare); Secure Boot v2 + flash encryption + DS device key (d.6.3)",decision #1 FROZEN 2026-09-29 (user 20:15): main controller; RP2040/nRF54 removed
LTE (option),nRF9151-LACA-R7,frozen,C22397843,0 (DNP default) / 1 (LTE variant),16.25,LCSC 0; JLC pre-order only; X-ray (2026-09-29),Nordic Serial LTE Modem fw on ESP32 UART2 (IO38-41); own 3V8 buck,"decision #4 FROZEN 2026-09-29 (resolved within #1): optional LTE variant, DNP by default"
LTE (option),NANO SIM 7P H1.37 (SHOU HAN),proposed,C7529384,0 (default) / 1 (LTE variant),0.29,JLC 50617 (snap),plus MFF2 eSIM footprint DNP,LTE variant only (#4 frozen); SIM PROVIDER OPEN (user did not approve Onomondo)
Power,TPS25751DREFR,frozen,C30169739,1,3.33,LCSC 5544 (live 2026-09-29),USB PD3.1 sink 20 V/5 A integrated switch,Jul 11 freeze (max-scope power)
Power,AT24C256C-SSHL-T,proposed,C6482,1,0.38,LCSC 81059 (live 2026-09-29),TPS25751 config EEPROM (dead-battery boot),
Power,BQ25798RQMR,frozen,C2876593,1,2.95,LCSC 6092 (live 2026-09-29),1-4S buck-boost 5 A; MPPT; UPS; charges on-board 4S1P 18650 pack (#6),Jul 11 freeze BQ2579x; 4S Li-ion mode per frozen #6; VREG/VSYSMIN per G-PWR2
Power,TPS62933DRLR,proposed,C3200405,2 + 1 DNP,0.61,LCSC 36974 (live 2026-09),3V3_D / 6V0_HEAD / 3V8_LTE,3V3_D (ESP32 355 mA + RAK3172 87 mA TX peaks OK) and 6V0_HEAD fitted; 3V8_LTE DNP except LTE variant (EN=IO41)
Power,TPS259474ARPWR,proposed,C3662807,2-6,1.25,LCSC 9043 (2026-09),eFuse for TEC bus + head feeds,
Power,SMBJ24CA (Brightking),proposed,C78416,2,,LCSC 87111,VBUS + solar TVS,
Power,TYPE-C-31-M-12,proposed,C165948,1,,from tscircuit BOM (not rechecked),USB-C receptacle,
TEC,DRV8873HPWPR,frozen,C2150604,4,3.93,LCSC 1359 (live 2026-09),internal ITRIP min 3.27 A -> use IPROPI (1100 A/A) + comparator trip,decision #3 frozen 2026-09-29: populated on every board
TEC,Same Sky CP30238,frozen,n/a (Digi-Key 102-1667-ND),0-4,,not JLC,optional per deployment; fixed-setpoint mode,decision #3: fitted only on hot-site or lab units
Interlock,TLV7031DBVR,proposed,C2869832,~8,0.41,LCSC 29999,NTC windows / VBUS / IPROPI trip,interlock on every board frozen (#3); part choice proposed
Interlock,TPS3430WDRCR,proposed,C2870545,1,1.50,JLC 727 (snap),window watchdog fed by FPGA heartbeat,interlock frozen (#3); part proposed
Interlock,INA180A2IDBVR,proposed,C192764,1,,LCSC 90259,aggregate TEC current,interlock frozen (#3); part proposed
Interlock,SN74LVC1G74DCUR,proposed,C70285,1,0.26,JLC 20373 (snap),interlock latch (default tripped),interlock frozen (#3); part proposed
Interlock,SN74LVC1G11DBVR,proposed,C22046,2-3,0.18,JLC 10443 (snap),AND tree,interlock frozen (#3); part proposed
Sensors,SHT45-AD1B-R2,proposed,C5221601,1,5.82,LCSC 4648,RH/T dew point,
Sensors,MS5607-02BA03,proposed,C97627,1,,LCSC 1754 (live 2026-09-29),10-1200 mbar barometer (balloon),
Sensors,TCA9548APWR,proposed,C130026,1,,LCSC 13356,per-head I2C isolation (ch0-3) + OLED header segment (ch4),
Storage,TF-01A (Hroparts),proposed,C91145,1,0.19,JLC 165996 (snap),microSD,SDMMC 1-bit on ESP32-S3 (IO47/48/42); SD_CD via PCA9554 P4
RF,U.FL (BWU.FL-IPEX1),frozen,C5137195,2-3,,JLC 689530 (live 2026-09-29),Wi-Fi is on the WROOM-1U module; board U.FL for GNSS / LoRa / LTE,"decision #5 frozen; 2 fitted (GNSS, LoRa) + 1 LTE variant; +1 on WROOM-1U module"
Fans,AO3400A,proposed,C20917,4,,from tscircuit BOM,low-side fan PWM,fan drive; fans fitted only on hot-site/lab units (#3)
LTE fallback (Rev B only),SIM7080G,frozen,C2943992,0,13.92,JLC 2260 (snap 2026-09-02),Not on Rev A; UART-AT modem behind the same modem HAL,decision #4 FROZEN: Rev B evaluation only if nRF9151 JLC pre-order lead time >8 weeks when an LTE batch is needed
Battery,MYOUNG BH-18650-B1BA002,frozen,C2988620,4,1.51,JLC 3315 / LCSC 3290 (live 2026-09-29),SMD single-cell 18650 holder; -25..85 C,decision #6 frozen 2026-09-29 (4x 18650 on-PCB); placement (bottom side) proposed
Battery,Samsung INR18650-35E / LG INR18650-MJ1 class (UN38.3),frozen,n/a (not JLC-assembled),4 (not shipped),~3-5 [EST],NOT shipped with station (FROZEN #10); local purchase or separate UN3480 shipment,4S1P: 4 x 3.6 V x 3.4 Ah = ~49 Wh,decision #10 frozen 2026-09-29 (user 20:36): ship without cells; UN38.3 Samsung 35E / LG MJ1 class
Battery,BQ76907RGRR,proposed,C22458649,1,,JLC 291 (snap 2026-09-02),"2-7S monitor/protector + passive balancing, I2C; alt BQ76905RGRR C22394458 (45)",function required by frozen #6; part proposed
Battery,40 V <=10 mOhm N-FET (TBD) + ~5 A fuse (TBD),proposed,TBD,2 + 1,,not selected,BQ76907 CHG/DSG low-side FETs,verify at schematic
LoRa,RAK3172-T-8-SM-I,frozen,C19723908,1 (EU868/IN865/RU864 SKU),9.45,JLC 369 / LCSC 0 (live 2026-09-29),"STM32WLE5CC, TCXO, -40..85 C, IPEX; CE/UKCA cert variant","decision #7 frozen; first build (#9, 20:36): 2 units EU868"
LoRa,RAK3172-T-9-SM-I,frozen,C19723909,1 (US915/AU915/AS923/KR920 SKU),7.80 (snap),JLC 175 / LCSC 226 (live 2026-09-29),"TCXO, IPEX; FCC/IC/RCM cert variant","decision #7 frozen; first build (#9, 20:36): 3 units US915; country mapping per G-LORA1"
LoRa,RAK3172-T-9-SM-NI,proposed,C19723907,alt,8.40 (snap),JLC 458 (snap 2026-09-02),RF pad -> board U.FL,same footprint alternate
LoRa,RAK3172-8-SM-I,proposed,C19723904,alt,7.86 (snap),JLC 286 / LCSC 0 (live 2026-09-29),"no TCXO, -20..85 C",indoor-only alternate
LoRa,RAK3172-9-SM-I,proposed,C19723905,alt,7.25 (snap),JLC 177 / LCSC 0 (live 2026-09-29),no TCXO,indoor-only alternate
LoRa,RAK3172-8-SM-NI,proposed,C5452091,alt,7.83 (snap),JLC 1415 (snap 2026-09-02),"no TCXO, RF pad",highest-stock alternate
LoRa,RAK3172-9-SM-NI,proposed,C18548052,alt,7.80 (snap),JLC 300 (snap 2026-09-02),"no TCXO, RF pad",alternate
Power input,"Molex 436500215 (Micro-Fit 3.0 1x2 RA, THT)",proposed,C293740,1,,JLC/LCSC 12493 (snap 2026-09-02),AUX 12-24 V DC / solar -> BQ25798 VAC2 + SMBJ24CA + reverse-polarity FET,added 2026-09-29 for revised autonomy P7; verify G-PWR3
Ethernet (option),W5500 (WIZnet),dnp,C32843,0 (DNP default) / 1,2.85,JLC 31840 / LCSC 15388 (live 2026-09-29),"10/100 hardwired TCP/IP; SPI 80 MHz; -40..85 C; 10BASE-T 75 mA / 100M 128 mA [DS]; CS IO37, INT IO36, RST PCA9554 P3",feature frozen #12 (20:36); part proposed
Ethernet (option),HR911105A (HanRun) RJ45 magjack,dnp,C12074,0 / 1,1.73,JLC 56644 / LCSC 26237 (live 2026-09-29),integrated magnetics + LEDs; THT on board edge outside holder block,feature frozen #12; part proposed; temp rating to verify
Ethernet (option),X322525MOB4SI 25 MHz crystal (YXC),dnp,C9006,0 / 1,0.10,JLC 236320 (snap) / LCSC 61270 (live),W5500 XTAL; Basic part,feature frozen #12; part proposed
GPIO expander,"PCA9554PW,118 (NXP)",proposed,C17230,1,1.13,JLC 29744 (snap) / LCSC 5347 (live 2026-09-29),"I2C0 @0x27: GNSS/LoRa/LTE/ETH resets, SD_CD, ACC_INT1; INT# -> INT_SYS IO6",added 2026-09-29 to free ESP GPIO for Ethernet (#12)
Sensors,SC7A20HTR (Silan),proposed,C19274408,1,~0.5 [EST],LCSC 106222 (live 2026-09-29); JLC assembly stock not reported -> pre-order,LIS2DH12 pin/register compatible (WHO_AM_I 0x11); I2C0 @0x19; tilt/motion,feature frozen #12 (LIS2DH12-class); part proposed; temp range G-ACC
Sensors,LIS2DH12TR (ST),proposed,C110926,alt,0.93,"LCSC 0 (live 2026-09-29); JLC Standard PCBA, X-ray",same LGA-12 2x2 footprint alternate,alternate
Display (option),2.54-1*4P female header (BOOMELE),dnp,C2718488,0 / 1,0.08,JLC 198866 (snap) / LCSC 103030 (live),header for SSD1306 0.96in 128x64 I2C module on TCA9548A ch4 (0x3C); GND-VCC-SCL-SDA + 0R swap option,feature frozen #12; part proposed
Display (option),SSD1306 0.96in 128x64 I2C OLED module (generic),proposed,n/a (off-BOM),0 / 1,~2.5 [EST],buy separately (no LCSC-stocked module found 2026-09-29),must match GND-VCC-SCL-SDA pinout; auto-off 60 s,feature frozen #12
PHB (TEC variant),Molex 2005280080 FPC connector 1.0 mm 8P 125 V,proposed,C6074066,1 per TEC head,,JLC 14745 (snap 2026-09-02),"flex-carrier connector; -40..105 C; pin1 HV, pin2 guard (50 V-rated FPC parts rejected)",mounting frozen #8; part proposed; G-FLEX
PHB (TEC variant),SiPM flex carrier <=30 mm (JLC 2-layer FPC + SMT),proposed,n/a (custom FPC),1 per TEC head,,JLC FPC service,carries SiPM + TMP117 at cold end; stiffener to 0.3 mm at tail,mounting frozen #8 (20:36); design proposed
Harness (prototype),Molex 21476x Micro-Fit 3.0 pre-crimped lead 600 mm (exact F-F PN TBD),proposed,n/a (Molex distributors),24 per harness,,"Molex series 214760-214763: 150/300/600 mm, 18/20 AWG (WEB)",hand-loaded into 0430252400 both ends; LVDS pairs hand-twisted,harness route frozen #12; PN to pick at G-MECH2
Harness (bench),Molex 0797580012 pre-crimped lead 300 mm F-F,proposed,n/a (Molex distributors),as needed,,Molex OTS (WEB),"20 AWG, gold, UL1061; bench jumpers only (too short for 50 cm)",harness route #12
Harness (production),Custom Micro-Fit 3.0 2x12 harness to Muon3 drawing,proposed,n/a,1 per panel,,quote: Molex custom assemblies + harness house (e.g. PCM Cable),"twisted pairs LVDS/I2C, 20 AWG TEC, separated HV, 100% test; no 24-ckt OTS exists (245132 OTS = 2-10 ckt)",harness route #12; G-MECH2
LTE (option),SIM / eSIM service provider (TBD),open,n/a,0 / 1 (LTE unit),,n/a,"candidates Onomondo, DT nuSIM, 1NCE, Hologram; hardware is provider-agnostic (nano-SIM + MFF2)",OPEN: user did not approve Onomondo (2026-09-29 20:36); needed before P3 LTE unit commissioning
