freq_GHz,S11_dB,S21_dB
1.000000000000000056e-01,-1.662257997707568080e+01,-1.781138830084189606e-01
1.122500000000000026e-01,-1.630870197685817757e+01,-1.899686556775095347e-01
1.244999999999999996e-01,-1.603001534983498644e+01,-2.013227876437735098e-01
1.367500000000000104e-01,-1.578925250042450656e+01,-2.122486208710059885e-01
1.489999999999999936e-01,-1.558877518995105582e+01,-2.228025906561878211e-01
1.612500000000000044e-01,-1.543055771802121079e+01,-2.330297300526126270e-01
1.734999999999999876e-01,-1.531617206395498521e+01,-2.429666559965852901e-01
1.857499999999999984e-01,-1.524677573558331112e+01,-2.526436193950994946e-01
1.980000000000000093e-01,-1.522310279220456586e+01,-2.620859546128699313e-01
2.102499999999999925e-01,-1.524545834014355350e+01,-2.713151303622075017e-01
2.225000000000000033e-01,-1.531371668785195617e+01,-2.803495283014150741e-01
2.347499999999999865e-01,-1.542732326638205720e+01,-2.892050309075128167e-01
2.469999999999999973e-01,-1.558530035708031214e+01,-2.978954727957835447e-01
2.592499999999999805e-01,-1.578625661457306073e+01,-3.064329923620193186e-01
2.715000000000000191e-01,-1.602840032586901486e+01,-3.148283094022605866e-01
2.837500000000000022e-01,-1.630955630370498355e+01,-3.230909469082814955e-01
2.959999999999999853e-01,-1.662718627306765384e+01,-3.312294101747088604e-01
3.082500000000000240e-01,-1.697841257361562839e+01,-3.392513328498262259e-01
3.205000000000000071e-01,-1.736004496728199342e+01,-3.471635970943632299e-01
3.327499999999999902e-01,-1.776861030961120136e+01,-3.549724332467916743e-01
3.449999999999999734e-01,-1.820038481542463060e+01,-3.626835031117682795e-01
3.572500000000000120e-01,-1.865142862431840953e+01,-3.703019700453721308e-01
3.694999999999999951e-01,-1.911762234940074379e+01,-3.778325583085827000e-01
3.817499999999999782e-01,-1.959470527370377013e+01,-3.852796036316363804e-01
3.940000000000000169e-01,-2.007831484298129254e+01,-3.926470965295043580e-01
4.062500000000000000e-01,-2.056402709123663897e+01,-3.999387195995490196e-01
4.184999999999999831e-01,-2.104739762640220491e+01,-4.071578797927173365e-01
4.307500000000000218e-01,-2.152400279817722151e+01,-4.143077364622080871e-01
4.430000000000000049e-01,-2.198948066815873048e+01,-4.213912258458747395e-01
4.552499999999999880e-01,-2.243957140407923845e+01,-4.284110825213839346e-01
4.675000000000000266e-01,-2.287015672516935894e+01,-4.353698582794336414e-01
4.797500000000000098e-01,-2.327729803434124989e+01,-4.422699387849333696e-01
4.919999999999999929e-01,-2.365727288495326164e+01,-4.491135583350036042e-01
5.042499999999999760e-01,-2.400660944525312601e+01,-4.559028129729434942e-01
5.164999999999999591e-01,-2.432211864206157159e+01,-4.626396721766189990e-01
5.287500000000000533e-01,-2.460092368667739393e+01,-4.693259893062247112e-01
5.410000000000000364e-01,-2.484048671015878895e+01,-4.759635109686658483e-01
5.532500000000000195e-01,-2.503863226183955604e+01,-4.825538854327822702e-01
5.655000000000000027e-01,-2.519356745392415675e+01,-4.890986702104144213e-01
5.777499999999999858e-01,-2.530389856600378451e+01,-4.955993389022009254e-01
5.899999999999999689e-01,-2.536864395605907063e+01,-5.020572873934303626e-01
6.022499999999999520e-01,-2.538724315866069503e+01,-5.084738394738137490e-01
6.145000000000000462e-01,-2.535956208633044540e+01,-5.148502519453201920e-01
6.267500000000000293e-01,-2.528589428605600276e+01,-5.211877192739469145e-01
6.390000000000000124e-01,-2.516695823942923482e+01,-5.274873778342268338e-01
6.512499999999999956e-01,-2.500389073146219943e+01,-5.337503097892243309e-01
6.634999999999999787e-01,-2.479823634948936117e+01,-5.399775466435634552e-01
6.757499999999999618e-01,-2.455193320935143220e+01,-5.461700725025482317e-01
6.879999999999999449e-01,-2.426729504094549839e+01,-5.523288270665543953e-01
7.002500000000000391e-01,-2.394698979889409785e+01,-5.584547083865094574e-01
7.125000000000000222e-01,-2.359401499622157772e+01,-5.645485754033533476e-01
7.247500000000000053e-01,-2.321166998923218827e+01,-5.706112502918253560e-01
7.369999999999999885e-01,-2.280352546997966812e+01,-5.766435206266951052e-01
7.492499999999999716e-01,-2.237339044854332215e+01,-5.826461413876052875e-01
7.614999999999999547e-01,-2.192527703053991317e+01,-5.886198368169844874e-01
7.737500000000000488e-01,-2.146336331569088429e+01,-5.945653021439795127e-01
7.860000000000000320e-01,-2.099195476064125998e+01,-6.004832051860300446e-01
7.982500000000000151e-01,-2.051544436342885902e+01,-6.063741878385364714e-01
8.104999999999999982e-01,-2.003827203789960265e+01,-6.122388674620311555e-01
8.227499999999999813e-01,-1.956488355385555877e+01,-6.180778381753428974e-01
8.349999999999999645e-01,-1.909968942273705750e+01,-6.238916720624266832e-01
8.472499999999999476e-01,-1.864702410914294717e+01,-6.296809202997990518e-01
8.595000000000000417e-01,-1.821110594547730699e+01,-6.354461142108733807e-01
8.717500000000000249e-01,-1.779599812050662777e+01,-6.411877662529028576e-01
8.840000000000000080e-01,-1.740557110267684493e+01,-6.469063709417264274e-01
8.962499999999999911e-01,-1.704346684576807647e+01,-6.526024057190371597e-01
9.084999999999999742e-01,-1.671306510797800371e+01,-6.582763317664862557e-01
9.207499999999999574e-01,-1.641745219597620675e+01,-6.639285947705462210e-01
9.330000000000000515e-01,-1.615939242304095558e+01,-6.695596256417299941e-01
9.452500000000000346e-01,-1.594130254528558766e+01,-6.751698411914494047e-01
9.575000000000000178e-01,-1.576522941243513465e+01,-6.807596447695232200e-01
9.697500000000000009e-01,-1.563283103988035094e+01,-6.863294268650955710e-01
9.819999999999999840e-01,-1.554536127709071280e+01,-6.918795656734998412e-01
9.942499999999999671e-01,-1.550365821420306389e+01,-6.974104276313954909e-01
1.006499999999999950e+00,-1.550813643402588760e+01,-7.029223679223246535e-01
1.018750000000000044e+00,-1.555878318113075309e+01,-7.084157309546587067e-01
1.030999999999999917e+00,-1.565515848347104821e+01,-7.138908508137604692e-01
1.043250000000000011e+00,-1.579639922540892449e+01,-7.193480516900373489e-01
1.055500000000000105e+00,-1.598122713448266552e+01,-7.247876482844415325e-01
1.067749999999999977e+00,-1.620796060804626748e+01,-7.302099461928512891e-01
1.080000000000000071e+00,-1.647453027039592399e+01,-7.356152422706632166e-01
1.092249999999999943e+00,-1.677849811649289791e+01,-7.410038249788245546e-01
1.104500000000000037e+00,-1.711708006521771352e+01,-7.463759747124505406e-01
1.116749999999999909e+00,-1.748717171355421840e+01,-7.517319641130835173e-01
1.129000000000000004e+00,-1.788537705349462570e+01,-7.570720583655797808e-01
1.141250000000000098e+00,-1.830803988605319432e+01,-7.623965154805375510e-01
1.153499999999999970e+00,-1.875127764182888512e+01,-7.677055865631194909e-01
1.165750000000000064e+00,-1.921101729529798874e+01,-7.729995160690616984e-01
1.177999999999999936e+00,-1.968303304065155501e+01,-7.782785420486054706e-01
1.190250000000000030e+00,-2.016298538069911572e+01,-7.835428963790453949e-01
1.202499999999999902e+00,-2.064646126728966991e+01,-7.887928049865327029e-01
1.214749999999999996e+00,-2.112901492197504894e+01,-7.940284880577357374e-01
1.227000000000000091e+00,-2.160620895934844654e+01,-7.992501602419196383e-01
1.239249999999999963e+00,-2.207365543269158792e+01,-8.044580308439683858e-01
1.251500000000000057e+00,-2.252705642228209726e+01,-8.096523040088421386e-01
1.263749999999999929e+00,-2.296224379094298129e+01,-8.148331788979279455e-01
1.276000000000000023e+00,-2.337521773911836931e+01,-8.200008498577175953e-01
1.288249999999999895e+00,-2.376218380286349330e+01,-8.251555065812137268e-01
1.300499999999999989e+00,-2.411958795253889321e+01,-8.302973342624463404e-01
1.312750000000000083e+00,-2.444414946756631579e+01,-8.354265137444543132e-01
1.324999999999999956e+00,-2.473289128317379237e+01,-8.405432216610668750e-01
1.337250000000000050e+00,-2.498316752844032962e+01,-8.456476305728000131e-01
1.349499999999999922e+00,-2.519268800092929439e+01,-8.507399090971623501e-01
1.361750000000000016e+00,-2.535953935153461103e+01,-8.558202220336528221e-01
1.374000000000000110e+00,-2.548220278359253399e+01,-8.608887304837041787e-01
1.386249999999999982e+00,-2.555956810255297285e+01,-8.659455919658308742e-01
1.398500000000000076e+00,-2.559094398625958888e+01,-8.709909605262031729e-01
1.410749999999999948e+00,-2.557606438084527767e+01,-8.760249868448746202e-01
1.423000000000000043e+00,-2.551509096308554803e+01,-8.810478183378660511e-01
1.435249999999999915e+00,-2.540861164643548875e+01,-8.860595992553039757e-01
1.447500000000000009e+00,-2.525763514456981795e+01,-8.910604707757983078e-01
1.459750000000000103e+00,-2.506358164271133404e+01,-8.960505710972305193e-01
1.471999999999999975e+00,-2.482826966303420235e+01,-9.010300355241240844e-01
1.484250000000000069e+00,-2.455389924563096571e+01,-9.059989965517467603e-01
1.496499999999999941e+00,-2.424303160061153051e+01,-9.109575839470970271e-01
1.508750000000000036e+00,-2.389856541954212332e+01,-9.159059248269123543e-01
1.520999999999999908e+00,-2.352371006533199704e+01,-9.208441437328339640e-01
1.533250000000000002e+00,-2.312195588854784134e+01,-9.257723627038518810e-01
1.545500000000000096e+00,-2.269704194471530911e+01,-9.306907013461511724e-01
1.557749999999999968e+00,-2.225292141120602452e+01,-9.355992769004704002e-01
1.570000000000000062e+00,-2.179372502358661734e+01,-9.404982043070834186e-01
1.582249999999999934e+00,-2.132372286962471719e+01,-9.453875962685009959e-01
1.594500000000000028e+00,-2.084728489433794962e+01,-9.502675633099946229e-01
1.606749999999999901e+00,-2.036884048139382486e+01,-9.551382138380296594e-01
1.618999999999999995e+00,-1.989283748471209279e+01,-9.599996541966995256e-01
1.631250000000000089e+00,-1.942370108920591676e+01,-9.648519887222400948e-01
1.643499999999999961e+00,-1.896579288117909101e+01,-9.696953197957064452e-01
1.655750000000000055e+00,-1.852337050695672005e+01,-9.745297478938858005e-01
1.667999999999999927e+00,-1.810054829288666767e+01,-9.793553716385176022e-01
1.680250000000000021e+00,-1.770125919095603706e+01,-9.841722878438914357e-01
1.692499999999999893e+00,-1.732921840200647878e+01,-9.889805915628844257e-01
1.704749999999999988e+00,-1.698788901301447396e+01,-9.937803761315031625e-01
1.717000000000000082e+00,-1.668044996627444121e+01,-9.985717332119877776e-01
1.729249999999999954e+00,-1.640976665675289681e+01,-1.003354752834532793e+00
1.741500000000000048e+00,-1.617836442957329268e+01,-1.008129523437683250e+00
1.753749999999999920e+00,-1.598840522276599074e+01,-1.012896131907451425e+00
1.766000000000000014e+00,-1.584166757132622116e+01,-1.017654663615208621e+00
1.778250000000000108e+00,-1.573953015753210138e+01,-1.022405202454394146e+00
1.790499999999999980e+00,-1.568295905967412551e+01,-1.027147830876089074e+00
1.802750000000000075e+00,-1.567249881713889081e+01,-1.031882629923497774e+00
1.814999999999999947e+00,-1.570826739449074161e+01,-1.036609679265374062e+00
1.827250000000000041e+00,-1.578995509113123497e+01,-1.041329057228436383e+00
1.839499999999999913e+00,-1.591682740662182738e+01,-1.046040840828805996e+00
1.851750000000000007e+00,-1.608773183516743188e+01,-1.050745105802503465e+00
1.864000000000000101e+00,-1.630110852641571739e+01,-1.055441926635040550e+00
1.876249999999999973e+00,-1.655500471396577211e+01,-1.060131376590136343e+00
1.888500000000000068e+00,-1.684709277813025352e+01,-1.064813527737593191e+00
1.900749999999999940e+00,-1.717469177588047913e+01,-1.069488450980358385e+00
1.913000000000000034e+00,-1.753479223883390858e+01,-1.074156216080804249e+00
1.925249999999999906e+00,-1.792408400991624617e+01,-1.078816891686249280e+00
1.937500000000000000e+00,-1.833898686122375921e+01,-1.083470545353752756e+00
1.949750000000000094e+00,-1.877568360988738405e+01,-1.088117243574202586e+00
1.961999999999999966e+00,-1.923015542563419800e+01,-1.092757051795725243e+00
1.974250000000000060e+00,-1.969821900347067256e+01,-1.097390034446436458e+00
1.986499999999999932e+00,-2.017556525765983721e+01,-1.102016254956560637e+00
1.998750000000000027e+00,-2.065779917909418373e+01,-1.106635775779934772e+00
2.011000000000000121e+00,-2.114048048740453112e+01,-1.111248658414921486e+00
2.023249999999999993e+00,-2.161916470179480498e+01,-1.115854963424750101e+00
2.035499999999999865e+00,-2.208944425071925721e+01,-1.120454750457302140e+00
2.047750000000000181e+00,-2.254698924015976402e+01,-1.125048078264365703e+00
2.060000000000000053e+00,-2.298758750341809431e+01,-1.129635004720366265e+00
2.072249999999999925e+00,-2.340718356198429362e+01,-1.134215586840604750e+00
2.084499999999999797e+00,-2.380191613711355103e+01,-1.138789880799003784e+00
2.096750000000000114e+00,-2.416815386514980801e+01,-1.143357941945390532e+00
2.108999999999999986e+00,-2.450252888624824266e+01,-1.147919824822322354e+00
2.121249999999999858e+00,-2.480196799581892719e+01,-1.152475583181475471e+00
2.133500000000000174e+00,-2.506372107055742404e+01,-1.157025269999607975e+00
2.145750000000000046e+00,-2.528538650613681327e+01,-1.161568937494109388e+00
2.157999999999999918e+00,-2.546493343127587750e+01,-1.166106637138154101e+00
2.170249999999999790e+00,-2.560072049271560601e+01,-1.170638419675465558e+00
2.182500000000000107e+00,-2.569151103735259412e+01,-1.175164335134707860e+00
2.194749999999999979e+00,-2.573648455110319944e+01,-1.179684432843512321e+00
2.206999999999999851e+00,-2.573524424869484406e+01,-1.184198761442155412e+00
2.219250000000000167e+00,-2.568782074418325934e+01,-1.188707368896891658e+00
2.231500000000000039e+00,-2.559467176824527712e+01,-1.193210302512959231e+00
2.243749999999999911e+00,-2.545667793486236619e+01,-1.197707608947262248e+00
2.255999999999999783e+00,-2.527513459655084560e+01,-1.202199334220743543e+00
2.268250000000000099e+00,-2.505173986347376314e+01,-1.206685523730454568e+00
2.280499999999999972e+00,-2.478857889725148667e+01,-1.211166222261332415e+00
2.292749999999999844e+00,-2.448810462474495608e+01,-1.215641473997693289e+00
2.305000000000000160e+00,-2.415311505019915472e+01,-1.220111322534449094e+00
2.317250000000000032e+00,-2.378672737559748995e+01,-1.224575810888055560e+00
2.329499999999999904e+00,-2.339234916860019098e+01,-1.229034981507203472e+00
2.341750000000000220e+00,-2.297364684474841567e+01,-1.233488876283253655e+00
2.354000000000000092e+00,-2.253451175545671958e+01,-1.237937536560426821e+00
2.366249999999999964e+00,-2.207902419546245198e+01,-1.242381003145758056e+00
2.378499999999999837e+00,-2.161141566264407743e+01,-1.246819316318817261e+00
2.390750000000000153e+00,-2.113602971928532526e+01,-1.251252515841204671e+00
2.403000000000000025e+00,-2.065728181679777720e+01,-1.255680640965828765e+00
2.415249999999999897e+00,-2.017961845550219380e+01,-1.260103730445971237e+00
2.427500000000000213e+00,-1.970747605721890139e+01,-1.264521822544144136e+00
2.439750000000000085e+00,-1.924523993107441555e+01,-1.268934955040748491e+00
2.451999999999999957e+00,-1.879720371206863661e+01,-1.273343165242535324e+00
2.464249999999999829e+00,-1.836752964757474871e+01,-1.277746489990877699e+00
2.476500000000000146e+00,-1.796021009910069566e+01,-1.282144965669858028e+00
2.488750000000000018e+00,-1.757903061540065792e+01,-1.286538628214175084e+00
2.500999999999999890e+00,-1.722753491849084639e+01,-1.290927513116876479e+00
2.513250000000000206e+00,-1.690899212643047278e+01,-1.295311655436921061e+00
2.525500000000000078e+00,-1.662636651603990856e+01,-1.299691089806574773e+00
2.537749999999999950e+00,-1.638229010523512130e+01,-1.304065850438646423e+00
2.549999999999999822e+00,-1.617903830857713388e+01,-1.308435971133565578e+00
2.562250000000000139e+00,-1.601850889121005039e+01,-1.312801485286308578e+00
2.574500000000000011e+00,-1.590220441585259614e+01,-1.317162425893173783e+00
2.586749999999999883e+00,-1.583121834519929472e+01,-1.321518825558414711e+00
2.599000000000000199e+00,-1.580622492827678371e+01,-1.325870716500729962e+00
2.611250000000000071e+00,-1.582747296430117956e+01,-1.330218130559615464e+00
2.623499999999999943e+00,-1.589478350171762777e+01,-1.334561099201585499e+00
2.635749999999999815e+00,-1.600755149370467123e+01,-1.338899653526258060e+00
2.648000000000000131e+00,-1.616475139483106105e+01,-1.343233824272319854e+00
2.660250000000000004e+00,-1.636494664709887559e+01,-1.347563641823360303e+00
2.672499999999999876e+00,-1.660630296763215696e+01,-1.351889136213590747e+00
2.684750000000000192e+00,-1.688660531510702612e+01,-1.356210337133441524e+00
2.697000000000000064e+00,-1.720327837799280246e+01,-1.360527273935046022e+00
2.709249999999999936e+00,-1.755341039509880474e+01,-1.364839975637613723e+00
2.721499999999999808e+00,-1.793378008809948554e+01,-1.369148470932691986e+00
2.733750000000000124e+00,-1.834088645692604302e+01,-1.373452788189322593e+00
2.745999999999999996e+00,-1.877098116243354653e+01,-1.377752955459094375e+00
2.758249999999999869e+00,-1.922010319682028268e+01,-1.382049000481094136e+00
2.770500000000000185e+00,-1.968411552111700757e+01,-1.386340950686758777e+00
2.782750000000000057e+00,-2.015874333086846804e+01,-1.390628833204631931e+00
2.794999999999999929e+00,-2.063961359606968671e+01,-1.394912674865024460e+00
2.807249999999999801e+00,-2.112229550963412805e+01,-1.399192502204585464e+00
2.819500000000000117e+00,-2.160234147026627838e+01,-1.403468341470782477e+00
2.831749999999999989e+00,-2.207532822066913880e+01,-1.407740218626292394e+00
2.843999999999999861e+00,-2.253689776057976601e+01,-1.412008159353311587e+00
2.856250000000000178e+00,-2.298279765620918624e+01,-1.416272189057778519e+00
2.868500000000000050e+00,-2.340892037324556441e+01,-1.420532332873515102e+00
2.880749999999999922e+00,-2.381134126961128317e+01,-1.424788615666291669e+00
2.892999999999999794e+00,-2.418635489656081106e+01,-1.429041062037811116e+00
2.905250000000000110e+00,-2.453050927235393530e+01,-1.433289696329618224e+00
2.917499999999999982e+00,-2.484063781149046690e+01,-1.437534542626936140e+00
2.929749999999999854e+00,-2.511388861417837859e+01,-1.441775624762427821e+00
2.942000000000000171e+00,-2.534775084512296672e+01,-1.446012966319889514e+00
2.954250000000000043e+00,-2.554007795764751876e+01,-1.450246590637873201e+00
2.966499999999999915e+00,-2.568910754833444088e+01,-1.454476520813241969e+00
2.978749999999999787e+00,-2.579347765854220498e+01,-1.458702779704660335e+00
2.991000000000000103e+00,-2.585223937201737243e+01,-1.462925389936019060e+00
3.003249999999999975e+00,-2.586486559208088565e+01,-1.467144373899796239e+00
3.015499999999999847e+00,-2.583125591720405012e+01,-1.471359753760359546e+00
3.027750000000000163e+00,-2.575173756987782170e+01,-1.475571551457203867e+00
3.040000000000000036e+00,-2.562706237018390354e+01,-1.479779788708134758e+00
3.052249999999999908e+00,-2.545839978206051768e+01,-1.483984487012390385e+00
3.064499999999999780e+00,-2.524732609658131466e+01,-1.488185667653709521e+00
3.076750000000000096e+00,-2.499580985229615138e+01,-1.492383351703343131e+00
3.088999999999999968e+00,-2.470619362748845305e+01,-1.496577560023012898e+00
3.101249999999999840e+00,-2.438117237276043170e+01,-1.500768313267816012e+00
3.113500000000000156e+00,-2.402376848435900669e+01,-1.504955631889079992e+00
3.125750000000000028e+00,-2.363730384880052071e+01,-1.509139536137165116e+00
3.137999999999999901e+00,-2.322536911736709087e+01,-1.513320046064217772e+00
3.150250000000000217e+00,-2.279179049466895179e+01,-1.517497181526878514e+00
3.162500000000000089e+00,-2.234059434846126635e+01,-1.521670962188937049e+00
3.174749999999999961e+00,-2.187596996805588034e+01,-1.525841407523947257e+00
3.186999999999999833e+00,-2.140223081579303965e+01,-1.530008536817792253e+00
3.199250000000000149e+00,-2.092377462997635362e+01,-1.534172369171206807e+00
3.211500000000000021e+00,-2.044504274829797197e+01,-1.538332923502256255e+00
3.223749999999999893e+00,-1.997047902799082308e+01,-1.542490218548773662e+00
3.236000000000000210e+00,-1.950448874267461008e+01,-1.546644272870754566e+00
3.248250000000000082e+00,-1.905139783607817350e+01,-1.550795104852709105e+00
3.260499999999999954e+00,-1.861541290951969074e+01,-1.554942732705979047e+00
3.272749999999999826e+00,-1.820058231323957187e+01,-1.559087174471010862e+00
3.285000000000000142e+00,-1.781075870147041940e+01,-1.563228448019593042e+00
3.297250000000000014e+00,-1.744956339758993735e+01,-1.567366571057054792e+00
3.309499999999999886e+00,-1.712035289896045143e+01,-1.571501561124430069e+00
3.321750000000000203e+00,-1.682618783126749307e+01,-1.575633435600582111e+00
3.334000000000000075e+00,-1.656980463951334315e+01,-1.579762211704296204e+00
3.346249999999999947e+00,-1.635359027750900651e+01,-1.583887906496335818e+00
3.358499999999999819e+00,-1.617956012997338888e+01,-1.588010536881465651e+00
3.370750000000000135e+00,-1.604933937144869205e+01,-1.592130119610441152e+00
3.383000000000000007e+00,-1.596414793445209135e+01,-1.596246671281965845e+00
3.395249999999999879e+00,-1.592478922590044199e+01,-1.600360208344616009e+00
3.407500000000000195e+00,-1.593164269617515671e+01,-1.604470747098736716e+00
3.419750000000000068e+00,-1.598466032955945693e+01,-1.608578303698302348e+00
3.431999999999999940e+00,-1.608336708850959695e+01,-1.612682894152752899e+00
3.444249999999999812e+00,-1.622686530765084711e+01,-1.616784534328796319e+00
3.456500000000000128e+00,-1.641384299685612191e+01,-1.620883239952184196e+00
3.468750000000000000e+00,-1.664258597660809968e+01,-1.624979026609458810e+00
3.480999999999999872e+00,-1.691099373339925194e+01,-1.629071909749671976e+00
3.493250000000000188e+00,-1.721659884851573707e+01,-1.633161904686077470e+00
3.505500000000000060e+00,-1.755658982049916617e+01,-1.637249026597795698e+00
3.517749999999999932e+00,-1.792783707019044215e+01,-1.641333290531453271e+00
3.529999999999999805e+00,-1.832692188782305109e+01,-1.645414711402796826e+00
3.542250000000000121e+00,-1.875016805442022871e+01,-1.649493303998280425e+00
3.554499999999999993e+00,-1.919367584501506840e+01,-1.653569082976629856e+00
3.566749999999999865e+00,-1.965335809918151710e+01,-1.657642062870381405e+00
3.579000000000000181e+00,-2.012497802524308810e+01,-1.661712258087397975e+00
3.591250000000000053e+00,-2.060418838849048129e+01,-1.665779682912361448e+00
3.603499999999999925e+00,-2.108657172093760224e+01,-1.669844351508241287e+00
3.615749999999999797e+00,-2.156768118069700435e+01,-1.673906277917742713e+00
3.628000000000000114e+00,-2.204308168304743987e+01,-1.677965476064730233e+00
3.640249999999999986e+00,-2.250839092275260001e+01,-1.682021959755631624e+00
3.652499999999999858e+00,-2.295931990819651247e+01,-1.686075742680819722e+00
3.664750000000000174e+00,-2.339171263241604848e+01,-1.690126838415974220e+00
3.677000000000000046e+00,-2.380158451409474907e+01,-1.694175260423421703e+00
3.689249999999999918e+00,-2.418515925295898228e+01,-1.698221022053456153e+00
3.701499999999999790e+00,-2.453890375868355278e+01,-1.702264136545640572e+00
3.713750000000000107e+00,-2.485956083023267027e+01,-1.706304617030088178e+00
3.725999999999999979e+00,-2.514417928337007524e+01,-1.710342476528724731e+00
3.738249999999999851e+00,-2.539014124767439995e+01,-1.714377727956532649e+00
3.750500000000000167e+00,-2.559518638057707918e+01,-1.718410384122777135e+00
3.762750000000000039e+00,-2.575743277445555179e+01,-1.722440457732212327e+00
3.774999999999999911e+00,-2.587539436340242460e+01,-1.726467961386272343e+00
3.787249999999999783e+00,-2.594799466866710347e+01,-1.730492907584244122e+00
3.799500000000000099e+00,-2.597457675563177304e+01,-1.734515308724421834e+00
3.811749999999999972e+00,-2.595490931022508718e+01,-1.738535177105245744e+00
3.823999999999999844e+00,-2.588918877856987066e+01,-1.742552524926425317e+00
3.836250000000000160e+00,-2.577803755007433395e+01,-1.746567364290044777e+00
3.848500000000000032e+00,-2.562249820077214935e+01,-1.750579707201652901e+00
3.860749999999999904e+00,-2.542402385015752841e+01,-1.754589565571338383e+00
3.873000000000000220e+00,-2.518446472070949582e+01,-1.758596951214789206e+00
3.885250000000000092e+00,-2.490605102442258811e+01,-1.762601875854335809e+00
3.897499999999999964e+00,-2.459137233463458116e+01,-1.766604351119981597e+00
3.909749999999999837e+00,-2.424335363395102050e+01,-1.770604388550417685e+00
3.922000000000000153e+00,-2.386522825981041507e+01,-1.774601999594022317e+00
3.934250000000000025e+00,-2.346050799792948993e+01,-1.778597195609848969e+00
3.946499999999999897e+00,-2.303295060024815655e+01,-1.782589987868598236e+00
3.958750000000000213e+00,-2.258652502781632165e+01,-1.786580387553577065e+00
3.971000000000000085e+00,-2.212537474010715499e+01,-1.790568405761644000e+00
3.983249999999999957e+00,-2.165377937031138700e+01,-1.794554053504143321e+00
3.995499999999999829e+00,-2.117611514109593429e+01,-1.798537341707822979e+00
4.007749999999999702e+00,-2.069681438696026277e+01,-1.802518281215743645e+00
4.019999999999999574e+00,-2.022032455758701985e+01,-1.806496882788171110e+00
4.032250000000000334e+00,-1.975106708138453371e+01,-1.810473157103460684e+00
4.044500000000000206e+00,-1.929339646971148881e+01,-1.814447114758925839e+00
4.056750000000000078e+00,-1.885156004004829811e+01,-1.818418766271698184e+00
4.068999999999999950e+00,-1.842965863065433041e+01,-1.822388122079573236e+00
4.081249999999999822e+00,-1.803160867007970225e+01,-1.826355192541845973e+00
4.093499999999999694e+00,-1.766110595236861514e+01,-1.830319987940135507e+00
4.105749999999999567e+00,-1.732159145301469039e+01,-1.834282518479196877e+00
4.118000000000000327e+00,-1.701621950185228371e+01,-1.838242794287723747e+00
4.130250000000000199e+00,-1.674782860726764611e+01,-1.842200825419140209e+00
4.142500000000000071e+00,-1.651891520159128035e+01,-1.846156621852381052e+00
4.154749999999999943e+00,-1.633161055051180810e+01,-1.850110193492662036e+00
4.166999999999999815e+00,-1.618766104008770412e+01,-1.854061550172239947e+00
4.179249999999999687e+00,-1.608841202369135104e+01,-1.858010701651163998e+00
4.191499999999999559e+00,-1.603479537829272772e+01,-1.861957657618014128e+00
4.203750000000000320e+00,-1.602732088518052933e+01,-1.865902427690633969e+00
4.216000000000000192e+00,-1.606607151484445950e+01,-1.869845021416848052e+00
4.228250000000000064e+00,-1.615070265963111851e+01,-1.873785448275177457e+00
4.240499999999999936e+00,-1.628044532127095323e+01,-1.877723717675539916e+00
4.252749999999999808e+00,-1.645411322379333896e+01,-1.881659838959943265e+00
4.264999999999999680e+00,-1.667011378603917038e+01,-1.885593821403169112e+00
4.277250000000000441e+00,-1.692646285228098790e+01,-1.889525674213449857e+00
4.289500000000000313e+00,-1.722080304470007306e+01,-1.893455406533131935e+00
4.301750000000000185e+00,-1.755042556797010533e+01,-1.897383027439338843e+00
4.314000000000000057e+00,-1.791229526426607421e+01,-1.901308545944615735e+00
4.326249999999999929e+00,-1.830307868695357598e+01,-1.905231970997574686e+00
4.338499999999999801e+00,-1.871917493329073068e+01,-1.909153311483525073e+00
4.350749999999999673e+00,-1.915674895095746422e+01,-1.913072576225100185e+00
4.363000000000000433e+00,-1.961176701034387548e+01,-1.916989773982874734e+00
4.375250000000000306e+00,-2.008003401449786907e+01,-1.920904913455972807e+00
4.387500000000000178e+00,-2.055723230163486193e+01,-1.924818003282670720e+00
4.399750000000000050e+00,-2.103896158130676142e+01,-1.928729052040991210e+00
4.411999999999999922e+00,-2.152077963484186185e+01,-1.932638068249289853e+00
4.424249999999999794e+00,-2.199824340359805674e+01,-1.936545060366834825e+00
4.436499999999999666e+00,-2.246695008498479851e+01,-1.940450036794377997e+00
4.448750000000000426e+00,-2.292257785613730903e+01,-1.944353005874722928e+00
4.461000000000000298e+00,-2.336092584857056664e+01,-1.948253975893277978e+00
4.473250000000000171e+00,-2.377795300406885914e+01,-1.952152955078613417e+00
4.485500000000000043e+00,-2.416981545241403140e+01,-1.956049951603001880e+00
4.497749999999999915e+00,-2.453290206522867578e+01,-1.959944973582957051e+00
4.509999999999999787e+00,-2.486386785707991010e+01,-1.963838029079765235e+00
4.522249999999999659e+00,-2.515966492490101558e+01,-1.967729126100009385e+00
4.534500000000000419e+00,-2.541757063955767038e+01,-1.971618272596089128e+00
4.546750000000000291e+00,-2.563521282880197916e+01,-1.975505476466730137e+00
4.559000000000000163e+00,-2.581059171868501423e+01,-1.979390745557491282e+00
4.571250000000000036e+00,-2.594209843048149011e+01,-1.983274087661265117e+00
4.583499999999999908e+00,-2.602852986203986418e+01,-1.987155510518769930e+00
4.595749999999999780e+00,-2.606909981591316594e+01,-1.991035021819038242e+00
4.607999999999999652e+00,-2.606344627134125957e+01,-1.994912629199899090e+00
4.620250000000000412e+00,-2.601163473282258209e+01,-1.998788340248453199e+00
4.632500000000000284e+00,-2.591415762430284175e+01,-2.002662162501544607e+00
4.644750000000000156e+00,-2.577192973458402747e+01,-2.006534103446222961e+00
4.657000000000000028e+00,-2.558627975608144567e+01,-2.010404170520207146e+00
4.669249999999999901e+00,-2.535893799519062597e+01,-2.014272371112334703e+00
4.681499999999999773e+00,-2.509202036793691803e+01,-2.018138712563014359e+00
4.693749999999999645e+00,-2.478800882893944646e+01,-2.022003202164664337e+00
4.706000000000000405e+00,-2.444972841471103564e+01,-2.025865847162157340e+00
4.718250000000000277e+00,-2.408032111363165129e+01,-2.029726654753245541e+00
4.730500000000000149e+00,-2.368321680428437048e+01,-2.033585632088994455e+00
4.742750000000000021e+00,-2.326210153095854594e+01,-2.037442786274204387e+00
4.754999999999999893e+00,-2.282088340975530016e+01,-2.041298124367826539e+00
4.767249999999999766e+00,-2.236365648064574785e+01,-2.045151653383377344e+00
4.779499999999999638e+00,-2.189466283983130879e+01,-2.049003380289348364e+00
4.791750000000000398e+00,-2.141825340266173328e+01,-2.052853312009607745e+00
4.804000000000000270e+00,-2.093884766003315789e+01,-2.056701455423798564e+00
4.816250000000000142e+00,-2.046089280049816495e+01,-2.060547817367737178e+00
4.828500000000000014e+00,-1.998882257618681280e+01,-2.064392404633799138e+00
4.840749999999999886e+00,-1.952701629300698372e+01,-2.068235223971306880e+00
4.852999999999999758e+00,-1.907975830444321019e+01,-2.072076282086908972e+00
4.865249999999999631e+00,-1.865119838361457738e+01,-2.075915585644959371e+00
4.877500000000000391e+00,-1.824531334012981887e+01,-2.079753141267889127e+00
4.889750000000000263e+00,-1.786587023676277397e+01,-2.083588955536571419e+00
4.902000000000000135e+00,-1.751639154617475569e+01,-2.087423034990690596e+00
4.914250000000000007e+00,-1.720012256996579225e+01,-2.091255386129100557e+00
4.926499999999999879e+00,-1.692000142141143115e+01,-2.095086015410178248e+00
4.938749999999999751e+00,-1.667863184952845046e+01,-2.098914929252178929e+00
4.950999999999999623e+00,-1.647825915583297984e+01,-2.102742134033583454e+00
4.963250000000000384e+00,-1.632074942654801930e+01,-2.106567636093441553e+00
4.975500000000000256e+00,-1.620757227235154829e+01,-2.110391441731711559e+00
4.987750000000000128e+00,-1.613978723531346660e+01,-2.114213557209601024e+00
5.000000000000000000e+00,-1.611803398874989313e+01,-2.118033988749894903e+00
