freq_GHz,S11_dB,S21_dB,Z0_ohm
1.000000000000000056e-01,-1.183589838486224544e+01,-9.976311574844400065e-02,5.975528258147576821e+01
1.063333333333333353e-01,-1.214984142657923627e+01,-1.041450431309383223e-01,5.986306925302471882e+01
1.126666666666666650e-01,-1.251946316014562122e+01,-1.084493157512259748e-01,5.994006904845447536e+01
1.189999999999999947e-01,-1.293860354055049910e+01,-1.126815668606155341e-01,5.998579450130306867e+01
1.253333333333333244e-01,-1.340023253366307365e+01,-1.168467446575222890e-01,5.999995613515568493e+01
1.316666666666666541e-01,-1.389657362633634996e+01,-1.209492258549593330e-01,5.998246429624752096e+01
1.380000000000000115e-01,-1.441924045134058119e+01,-1.249929058816184463e-01,5.993342972103933874e+01
1.443333333333333135e-01,-1.495938412677399576e+01,-1.289812713732867155e-01,5.985316283517263969e+01
1.506666666666666432e-01,-1.550784872135657899e+01,-1.329174590542139822e-01,5.974217178824246588e+01
1.570000000000000007e-01,-1.605533211424964435e+01,-1.368043040269060207e-01,5.960115923682935346e+01
1.633333333333333026e-01,-1.659254942326799309e+01,-1.406443797248513039e-01,5.943101789615607800e+01
1.696666666666666601e-01,-1.711039613022757777e+01,-1.444400312341607984e-01,5.923282488853068628e+01
1.759999999999999898e-01,-1.760010803749252162e+01,-1.481934032904947962e-01,5.900783492435438404e+01
1.823333333333333195e-01,-1.805341524545784182e+01,-1.519064639626371283e-01,5.875747235886348108e+01
1.886666666666666492e-01,-1.846268744574987153e+01,-1.555810248135989504e-01,5.848332217489240747e+01
1.950000000000000067e-01,-1.882106797749979066e+01,-1.592187581634989801e-01,5.818711994874344384e+01
2.013333333333333086e-01,-1.912259429146646283e+01,-1.628212119512008893e-01,5.787074086268695083e+01
2.076666666666666661e-01,-1.936230270558405664e+01,-1.663898225935491748e-01,5.753618783365094203e+01
2.139999999999999958e-01,-1.953631561149263973e+01,-1.699259261646819952e-01,5.718557883325466662e+01
2.203333333333333255e-01,-1.964190959992732388e+01,-1.734307681579794480e-01,5.682113347945949045e+01
2.266666666666666552e-01,-1.967756330807638321e+01,-1.769055120458197239e-01,5.644515898472236159e+01
2.330000000000000127e-01,-1.964298414828201800e+01,-1.803512468145630765e-01,5.606003554961027646e+01
2.393333333333333146e-01,-1.953911344848937404e+01,-1.837689936218996345e-01,5.566820129434536568e+01
2.456666666666666443e-01,-1.936810991413163663e+01,-1.871597116992461118e-01,5.527213682367504788e+01
2.520000000000000018e-01,-1.913331170200806142e+01,-1.905243036020110858e-01,5.487434952278331224e+01
2.583333333333333037e-01,-1.883917777247591374e+01,-1.938636198943198274e-01,5.447735768366173659e+01
2.646666666666666612e-01,-1.849120955033489366e+01,-1.971784633414549182e-01,5.408367456243220062e+01
2.710000000000000187e-01,-1.809585427073772479e+01,-2.004695926722571964e-01,5.369579246855051480e+01
2.773333333333333206e-01,-1.766039170823477988e+01,-2.037377259645948291e-01,5.331616698661805742e+01
2.836666666666666226e-01,-1.719280627900102232e+01,-2.069835436993881228e-01,5.294720143068936125e+01
2.899999999999999800e-01,-1.670164676327103592e+01,-2.102076915222980402e-01,5.259123162949142483e+01
2.963333333333333375e-01,-1.619587611250727477e+01,-2.134107827468197383e-01,5.225051113887580101e+01
3.026666666666666394e-01,-1.568471398002734851e+01,-2.165934006279928992e-01,5.192719697511967780e+01
3.089999999999999969e-01,-1.517747474165710209e+01,-2.197561004320982558e-01,5.162333595939487907e+01
3.153333333333332988e-01,-1.468340385221159217e+01,-2.228994113244430475e-01,5.134085175985454441e+01
3.216666666666666008e-01,-1.421151541284369735e+01,-2.260238380945496228e-01,5.108153271337080525e+01
3.280000000000000138e-01,-1.377043380302662534e+01,-2.291298627356694040e-01,5.084702050402093931e+01
3.343333333333333157e-01,-1.336824215952528050e+01,-2.322179458934932050e-01,5.063879976999578503e+01
3.406666666666666177e-01,-1.301234036441710273e+01,-2.352885281971577591e-01,5.045818870472634643e+01
3.469999999999999751e-01,-1.270931503715960531e+01,-2.383420314841166732e-01,5.030633071173063087e+01
3.533333333333333326e-01,-1.246482381480333146e+01,-2.413788599291185888e-01,5.018418716601171070e+01
3.596666666666666345e-01,-1.228349595342201717e+01,-2.443994010863805577e-01,5.009253132783283746e+01
3.659999999999999920e-01,-1.216885099708524365e+01,-2.474040268530388331e-01,5.003194344739996069e+01
3.723333333333332940e-01,-1.212323694327207768e+01,-2.503930943610799265e-01,5.000280709144267632e+01
3.786666666666666514e-01,-1.214778899109231780e+01,-2.533669468041852557e-01,5.000530671494914259e+01
3.850000000000000089e-01,-1.224240959706477838e+01,-2.563259142052461970e-01,5.003942649342761229e+01
3.913333333333333108e-01,-1.240577018885081273e+01,-2.592703141297098557e-01,5.010495042308735236e+01
3.976666666666666128e-01,-1.263533450683480908e+01,-2.622004523493930983e-01,5.020146368830466344e+01
4.040000000000000258e-01,-1.292740316346518625e+01,-2.651166234609360628e-01,5.032835528771693845e+01
4.103333333333333277e-01,-1.327717863749646554e+01,-2.680191114626554461e-01,5.048482190231956679e+01
4.166666666666666297e-01,-1.367884956125383766e+01,-2.709081902931950725e-01,5.066987298107780191e+01
4.229999999999999871e-01,-1.412569282008400862e+01,-2.737841243350435105e-01,5.088233701185786373e+01
4.293333333333332891e-01,-1.461019167021529164e+01,-2.766471688857014555e-01,5.112086893797740572e+01
4.356666666666666465e-01,-1.512416779982380710e+01,-2.794975705990235260e-01,5.138395867342328671e+01
4.420000000000000040e-01,-1.565892501313558860e+01,-2.823355678990273065e-01,5.166994066282874343e+01
4.483333333333333059e-01,-1.620540201318999607e+01,-2.851613913682566892e-01,5.197700442568812207e+01
4.546666666666666079e-01,-1.675433159903659330e+01,-2.879752641126008816e-01,5.230320601805657788e+01
4.610000000000000209e-01,-1.729640348044262055e+01,-2.907774021043042501e-01,5.264648033917333692e+01
4.673333333333333228e-01,-1.782242784963254323e+01,-2.935680145047510625e-01,5.300465420509852521e+01
4.736666666666666248e-01,-1.832349683628109815e+01,-2.963473039684770827e-01,5.337546010659761464e+01
4.799999999999999822e-01,-1.879114100916989116e+01,-2.991154669297333979e-01,5.375655056417572553e+01
4.863333333333333397e-01,-1.921747817494268062e+01,-3.018726938728222842e-01,5.414551298938361867e+01
4.926666666666666416e-01,-1.959535185972589488e+01,-3.046191695873224914e-01,5.453988495831226402e+01
4.989999999999999991e-01,-1.991845704064202494e+01,-3.073550734092317938e-01,5.493716980058324140e+01
5.053333333333333011e-01,-2.018145091824895587e+01,-3.100805794489721601e-01,5.533485240514492176e+01
5.116666666666666030e-01,-2.038004678375327572e+01,-3.127958568071287915e-01,5.573041514281205622e+01
5.180000000000000160e-01,-2.051108933185195227e+01,-3.155010697787270502e-01,5.612135380474690294e+01
5.243333333333333179e-01,-2.057261009603721646e+01,-3.181963780467870762e-01,5.650519345597960097e+01
5.306666666666666199e-01,-2.056386203242614741e+01,-3.208819368658436533e-01,5.687950410360292608e+01
5.370000000000000329e-01,-2.048533264451452496e+01,-3.235578972360630412e-01,5.724191608045016011e+01
5.433333333333332238e-01,-2.033873541826715226e+01,-3.262244060685443037e-01,5.759013504686564744e+01
5.496666666666666368e-01,-2.012697971802088048e+01,-3.288816063423495306e-01,5.792195651559585912e+01
5.560000000000000497e-01,-1.985411967209678608e+01,-3.315296372537656633e-01,5.823527980784722047e+01
5.623333333333332407e-01,-1.952528294614609194e+01,-3.341686343582677687e-01,5.852812135215859257e+01
5.686666666666666536e-01,-1.914658065560507083e+01,-3.367987297056183604e-01,5.879862724189651857e+01
5.749999999999999556e-01,-1.872500000000000142e+01,-3.394200519685057205e-01,5.904508497187473637e+01
5.813333333333332575e-01,-1.826828150540109874e+01,-3.420327265651007531e-01,5.926593427979659623e+01
5.876666666666666705e-01,-1.778478303174316721e+01,-3.446368757758800361e-01,5.945977702388574926e+01
5.939999999999999725e-01,-1.728333293425722417e+01,-3.472326188550439174e-01,5.962538603417228700e+01
6.003333333333332744e-01,-1.677307495880816290e+01,-3.498200721368343036e-01,5.976171288139916271e+01
6.066666666666665764e-01,-1.626330759615974131e+01,-3.523993491370361886e-01,5.986789451436580123e+01
6.129999999999999893e-01,-1.576332071753893516e+01,-3.549705606499299337e-01,5.994325872368956709e+01
6.193333333333332913e-01,-1.528223236163619880e+01,-3.575338148409422101e-01,5.998732839739538747e+01
6.256666666666665932e-01,-1.482882854051771915e+01,-3.600892173352294168e-01,5.999982454139239962e+01
6.320000000000000062e-01,-1.441140887888676403e+01,-3.626368713024103463e-01,5.998066804571585919e+01
6.383333333333333082e-01,-1.403764079864540193e+01,-3.651768775376527665e-01,5.992998018535252669e+01
6.446666666666666101e-01,-1.371442481057634843e+01,-3.677093345393061541e-01,5.984808185247903367e+01
6.510000000000000231e-01,-1.344777327982454374e+01,-3.702343385832590483e-01,5.973549152497372461e+01
6.573333333333332140e-01,-1.324270479513795706e+01,-3.727519837941895564e-01,5.959292198406277663e+01
6.636666666666666270e-01,-1.310315599768581585e+01,-3.752623622138695492e-01,5.942127580188036262e+01
6.700000000000000400e-01,-1.303191241852690929e+01,-3.777655638666679305e-01,5.922163962751007205e+01
6.763333333333332309e-01,-1.303055953983858117e+01,-3.802616768223963661e-01,5.899527730768109990e+01
6.826666666666666439e-01,-1.309945493970804975e+01,-3.827507872566276448e-01,5.874362188567043574e+01
6.889999999999999458e-01,-1.323772200987173164e+01,-3.852329795086101294e-01,5.846826652906402444e+01
6.953333333333332478e-01,-1.344326535677528689e+01,-3.877083361368972025e-01,5.817095444381095604e+01
7.016666666666666607e-01,-1.371280761537429349e+01,-3.901769379728000642e-01,5.785356783842216544e+01
7.079999999999999627e-01,-1.404194702889683555e+01,-3.926388641717685757e-01,5.751811600817880787e+01
7.143333333333332646e-01,-1.442523478295392891e+01,-3.950941922627989600e-01,5.716672261478593953e+01
7.206666666666666776e-01,-1.485627073532082143e+01,-3.975429981959592296e-01,5.680161224200097791e+01
7.269999999999999796e-01,-1.532781585952055181e+01,-3.999853563881217156e-01,5.642509631234987921e+01
7.333333333333332815e-01,-1.583191942669730956e+01,-4.024213397669844094e-01,5.603955845408880521e+01
7.396666666666665835e-01,-1.636005869133175139e+01,-4.048510198134593896e-01,5.564743941104923408e+01
7.459999999999999964e-01,-1.690328862667073295e+01,-4.072744666025024940e-01,5.525122159089885088e+01
7.523333333333332984e-01,-1.745239907918243460e+01,-4.096917488424544618e-01,5.485341334963887050e+01
7.586666666666666003e-01,-1.799807658100222696e+01,-4.121029339129594904e-01,5.445653311182908141e+01
7.650000000000000133e-01,-1.853106797749978085e+01,-4.145080879015246578e-01,5.406309342707138654e+01
7.713333333333332043e-01,-1.904234299520791751e+01,-4.169072756387787182e-01,5.367558506368609983e+01
7.776666666666666172e-01,-1.952325289397019503e+01,-4.193005607324885031e-01,5.329646124028024445e+01
7.840000000000000302e-01,-1.996568241596041560e+01,-4.216880056003842747e-01,5.292812209503357934e+01
7.903333333333332211e-01,-2.036219236199412563e+01,-4.240696715018472673e-01,5.257289949102362669e+01
7.966666666666666341e-01,-2.070615029022016529e+01,-4.264456185685059353e-01,5.223304225378327459e+01
8.030000000000000471e-01,-2.099184704095765142e+01,-4.288159058337876472e-01,5.191070193454833515e+01
8.093333333333332380e-01,-2.121459704046278105e+01,-4.311805912614693481e-01,5.160791918932432054e+01
8.156666666666666510e-01,-2.137082062139675998e+01,-4.335397317732687661e-01,5.132661086000329931e+01
8.219999999999999529e-01,-2.145810691371308820e+01,-4.358933832755149118e-01,5.106855783931690240e+01
8.283333333333332549e-01,-2.147525620103929711e+01,-4.382416006849364498e-01,5.083539379644950884e+01
8.346666666666666679e-01,-2.142230099839737889e+01,-4.405844379536030808e-01,5.062859483468683663e+01
8.409999999999999698e-01,-2.130050548094992635e+01,-4.429219480930536856e-01,5.044947014657502393e+01
8.473333333333332718e-01,-2.111234327380850218e+01,-4.452541831976444819e-01,5.029915372574974697e+01
8.536666666666665737e-01,-2.086145399311318371e+01,-4.475811944671472808e-01,5.017859718790592893e+01
8.599999999999999867e-01,-2.055257930190958149e+01,-4.499030322286275974e-01,5.008856374635655584e+01
8.663333333333332886e-01,-2.019147960425253174e+01,-4.522197459576307033e-01,5.002962338031997547e+01
8.726666666666665906e-01,-1.978483284113097085e+01,-4.545313842987024899e-01,5.000214922652387628e+01
8.790000000000000036e-01,-1.934011716626028488e+01,-4.568379950852707871e-01,5.000631521696990944e+01
8.853333333333333055e-01,-1.886547956300178797e+01,-4.591396253589106191e-01,5.004209497781369009e+01
8.916666666666666075e-01,-1.836959271066772459e+01,-4.614363213880184889e-01,5.010926199633097156e+01
8.980000000000000204e-01,-1.786150261491680524e+01,-4.637281286859161189e-01,5.020739105491311705e+01
9.043333333333332114e-01,-1.735046967920889216e+01,-4.660150920284057974e-01,5.033586092301352721e+01
9.106666666666666243e-01,-1.684580600952213203e+01,-4.682972554707983681e-01,5.049385829000294734e+01
9.170000000000000373e-01,-1.635671181071274560e+01,-4.705746623644312954e-01,5.068038291403581752e+01
9.233333333333332282e-01,-1.589211374885644545e+01,-4.728473553726975642e-01,5.089425395433147514e+01
9.296666666666666412e-01,-1.546050811937084468e+01,-4.751153764866021256e-01,5.113411744678196413e+01
9.360000000000000542e-01,-1.506981157628525025e+01,-4.773787670398627059e-01,5.139845487556046777e+01
9.423333333333332451e-01,-1.472722204518328581e+01,-4.796375677235721335e-01,5.168559278646552002e+01
9.486666666666666581e-01,-1.443909226342781693e+01,-4.818918186004371162e-01,5.199371338114136165e+01
9.549999999999999600e-01,-1.421081816942959719e+01,-4.841415591186086775e-01,5.232086602510501194e+01
9.613333333333332620e-01,-1.404674410183977251e+01,-4.863868281251184644e-01,5.266497959672572193e+01
9.676666666666666750e-01,-1.395008647421378711e+01,-4.886276638789352478e-01,5.302387559897842095e+01
9.739999999999999769e-01,-1.392287726610061860e+01,-4.908641040636535502e-01,5.339528195096394825e+01
9.803333333333332789e-01,-1.396592832335761258e+01,-4.930961857998286124e-01,5.377684737188545938e+01
9.866666666666665808e-01,-1.407881709489601540e+01,-4.953239456569686339e-01,5.416615626641948467e+01
9.929999999999999938e-01,-1.425989405644699204e+01,-4.975474196651960557e-01,5.456074401724628586e+01
9.993333333333332957e-01,-1.450631169092075723e+01,-4.997666433265899877e-01,5.495811258792613785e+01
1.005666666666666709e+00,-1.481407451620505711e+01,-5.019816516262193273e-01,5.535574633734383099e+01
1.012000000000000011e+00,-1.517810928146879412e+01,-5.041924790428772285e-01,5.575112794560379115e+01
1.018333333333333313e+00,-1.559235409869735989e+01,-5.063991595595278561e-01,5.614175435055327767e+01
1.024666666666666615e+00,-1.604986494351533111e+01,-5.086017266734729203e-01,5.652515259404338366e+01
1.030999999999999917e+00,-1.654293765419158291e+01,-5.108002134062487043e-01,5.689889547760899546e+01
1.037333333333333218e+00,-1.706324328543653124e+01,-5.129946523132623559e-01,5.726061692845574669e+01
1.043666666666666520e+00,-1.760197443897151004e+01,-5.151850754931744936e-01,5.760802697847553588e+01
1.050000000000000044e+00,-1.814999999999999503e+01,-5.173715145970382290e-01,5.793892626146236324e+01
1.056333333333333346e+00,-1.869802556102848357e+01,-5.195540008371999363e-01,5.825121993675013954e+01
1.062666666666666648e+00,-1.923675671456344460e+01,-5.217325649959729805e-01,5.854293095112542744e+01
1.068999999999999950e+00,-1.975706234580841070e+01,-5.239072374340866256e-01,5.881221255505724343e+01
1.075333333333333252e+00,-2.025013505648464829e+01,-5.260780480989223351e-01,5.905735999400680214e+01
1.081666666666666554e+00,-2.070764590130261240e+01,-5.282450265325401295e-01,5.927682130080252421e+01
1.088000000000000078e+00,-2.112189071853121192e+01,-5.304082018795034381e-01,5.946920712075631599e+01
1.094333333333333158e+00,-2.148592548379492939e+01,-5.325676028945085516e-01,5.963329950732085649e+01
1.100666666666666460e+00,-2.179368830907923282e+01,-5.347232579498242266e-01,5.976805963260487431e+01
1.106999999999999984e+00,-2.204010594355300157e+01,-5.368751950425469932e-01,5.987263436393288885e+01
1.113333333333333286e+00,-2.222118290510397998e+01,-5.390234418016784934e-01,5.994636166481494399e+01
1.119666666666666588e+00,-2.233407167664238457e+01,-5.411680254950300695e-01,5.998877478613422909e+01
1.125999999999999890e+00,-2.237712273389938389e+01,-5.433089730359588199e-01,5.999960522101908111e+01
1.132333333333333192e+00,-2.234991352578621004e+01,-5.454463109899416740e-01,5.997878440469284556e+01
1.138666666666666494e+00,-2.225325589816023708e+01,-5.475800655809909268e-01,5.992644414854039780e+01
1.145000000000000018e+00,-2.208918183057041063e+01,-5.497102626979167850e-01,5.984291580564315893e+01
1.151333333333333320e+00,-2.186090773657219444e+01,-5.518369279004404770e-01,5.972872817306559057e+01
1.157666666666666400e+00,-2.157277795481673266e+01,-5.539600864251641443e-01,5.958460414417308471e+01
1.163999999999999924e+00,-2.123018842371475756e+01,-5.560797631913991790e-01,5.941145613217477006e+01
1.170333333333333226e+00,-2.083949188062917202e+01,-5.581959828068583374e-01,5.921038029386346579e+01
1.176666666666666528e+00,-2.040788625114357302e+01,-5.603087695732166251e-01,5.898264959012098529e+01
1.183000000000000052e+00,-1.994328818928726221e+01,-5.624181474915427303e-01,5.872970572712090842e+01
1.189333333333333353e+00,-1.945419399047789000e+01,-5.645241402676048903e-01,5.845315002924711933e+01
1.195666666666666433e+00,-1.894953032079112987e+01,-5.666267713170572984e-01,5.815473330150926046e+01
1.201999999999999957e+00,-1.843849738508321678e+01,-5.687260637705064958e-01,5.783634474563379513e+01
1.208333333333333259e+00,-1.793040728933228323e+01,-5.708220404784638546e-01,5.750000000000000711e+01
1.214666666666666561e+00,-1.743452043699824117e+01,-5.729147240161871490e-01,5.714782837913715241e+01
1.221000000000000085e+00,-1.695988283373970873e+01,-5.750041366884123262e-01,5.678205939356625720e+01
1.227333333333333165e+00,-1.651516715886904407e+01,-5.770903005339808045e-01,5.640500863532626141e+01
1.233666666666666467e+00,-1.610852039574749384e+01,-5.791732373303644099e-01,5.601906311853943521e+01
1.239999999999999991e+00,-1.574742069809042100e+01,-5.812529685980890592e-01,5.562666616782151863e+01
1.246333333333333293e+00,-1.543854600688683121e+01,-5.833295156050629648e-01,5.523030195020426447e+01
1.252666666666666595e+00,-1.518765672619150209e+01,-5.854028993708094708e-01,5.483247974849465578e+01
1.258999999999999897e+00,-1.499949451905007614e+01,-5.874731406706082959e-01,5.443571807563259313e+01
1.265333333333333199e+00,-1.487769900160262360e+01,-5.895402600395466264e-01,5.404252873061494711e+01
1.271666666666666501e+00,-1.482474379896070182e+01,-5.916042777764842775e-01,5.365540089692368753e+01
1.278000000000000025e+00,-1.484189308628691251e+01,-5.936652139479325907e-01,5.327678538412742171e+01
1.284333333333333327e+00,-1.492917937860323363e+01,-5.957230883918518405e-01,5.290907911241850314e+01
1.290666666666666407e+00,-1.508540295953720722e+01,-5.977779207213673729e-01,5.255460993831023586e+01
1.296999999999999931e+00,-1.530815295904234752e+01,-5.998297303284086945e-01,5.221562191755906923e+01
1.303333333333333233e+00,-1.559384970977982476e+01,-6.018785363872697358e-01,5.189426109860846026e+01
1.309666666666666535e+00,-1.593780763800586620e+01,-6.039243578580979488e-01,5.159256193649240174e+01
1.316000000000000059e+00,-1.633431758403958156e+01,-6.059672134903082430e-01,5.131243441320912524e+01
1.322333333333333361e+00,-1.677674710602978436e+01,-6.080071218259274213e-01,5.105565194610232993e+01
1.328666666666666440e+00,-1.725765700479205123e+01,-6.100441012028704479e-01,5.082384016079916478e+01
1.334999999999999964e+00,-1.776893202250019854e+01,-6.120781697581483272e-01,5.061846659978068175e+01
1.341333333333333266e+00,-1.830192341899775954e+01,-6.141093454310108113e-01,5.044083143173712358e+01
1.347666666666666568e+00,-1.884760092081752703e+01,-6.161376459660264926e-01,5.029205922052485533e+01
1.354000000000000092e+00,-1.939671137332925355e+01,-6.181630889160995013e-01,5.017309180583362860e+01
1.360333333333333172e+00,-1.993994130866823866e+01,-6.201856916454255852e-01,5.008468234063492730e+01
1.366666666666666474e+00,-2.046808057330265740e+01,-6.222054713323902364e-01,5.002739052315863688e+01
1.372999999999999998e+00,-2.097218414047944890e+01,-6.242224449724076418e-01,5.000157905358349808e+01
1.379333333333333300e+00,-2.144372926467917040e+01,-6.262366293807040130e-01,5.000741133787290238e+01
1.385666666666666602e+00,-2.187476521704605048e+01,-6.282480411950464028e-01,5.004485045329253268e+01
1.391999999999999904e+00,-2.225805297110316161e+01,-6.302566968784174550e-01,5.011365938215903526e+01
1.398333333333333206e+00,-2.258719238462569479e+01,-6.322626127216374181e-01,5.021340251233965546e+01
1.404666666666666508e+00,-2.285673464322469783e+01,-6.342658048459361986e-01,5.034344839500388957e+01
1.411000000000000032e+00,-2.306227799012827262e+01,-6.362662892054748998e-01,5.050297374216815172e+01
1.417333333333333334e+00,-2.320054506029194741e+01,-6.382640815898183995e-01,5.069096863872621839e+01
1.423666666666666414e+00,-2.326944046016141954e+01,-6.402591976263614093e-01,5.090624293596952299e+01
1.429999999999999938e+00,-2.326808758147309319e+01,-6.422516527827079047e-01,5.114743378612104152e+01
1.436333333333333240e+00,-2.319684400231418664e+01,-6.442414623690039255e-01,5.141301427018410664e+01
1.442666666666666542e+00,-2.305729520486205431e+01,-6.462286415402280770e-01,5.170130306448486124e+01
1.449000000000000066e+00,-2.285222672017545875e+01,-6.482132052984381776e-01,5.201047508471240377e+01
1.455333333333333146e+00,-2.258557518942366471e+01,-6.501951684949744958e-01,5.233857304007132427e+01
1.461666666666666448e+00,-2.226235920135460589e+01,-6.521745458326242417e-01,5.268351982440067616e+01
1.467999999999999972e+00,-2.188859112111324734e+01,-6.541513518677432026e-01,5.304313166581398775e+01
1.474333333333333274e+00,-2.147117145948228512e+01,-6.561256010123394100e-01,5.341513195161323324e+01
1.480666666666666575e+00,-2.101776763836383566e+01,-6.580973075361183922e-01,5.379716564095502207e+01
1.487000000000000099e+00,-2.053667928246106911e+01,-6.600664855684904575e-01,5.418681417402557798e+01
1.493333333333333179e+00,-2.003669240384025940e+01,-6.620331491005411184e-01,5.458161078333842653e+01
1.499666666666666481e+00,-1.952692504119187689e+01,-6.639973119869662099e-01,5.497905611022296313e+01
1.506000000000000005e+00,-1.901666706574277654e+01,-6.659589879479710373e-01,5.537663402763967468e+01
1.512333333333333307e+00,-1.851521696825686192e+01,-6.679181905711357725e-01,5.577182756915134121e+01
1.518666666666666609e+00,-1.803171849459891973e+01,-6.698749333132474337e-01,5.616213486320889814e+01
1.524999999999999911e+00,-1.757499999999999218e+01,-6.718292295020985572e-01,5.654508497187474347e+01
1.531333333333333213e+00,-1.715341934439495120e+01,-6.737810923382538952e-01,5.691825353371326202e+01
1.537666666666666515e+00,-1.677471705385393719e+01,-6.757305348967860281e-01,5.727927811181749007e+01
1.544000000000000039e+00,-1.644588032790321819e+01,-6.776775701289798892e-01,5.762587314980646624e+01
1.550333333333333341e+00,-1.617302028197913089e+01,-6.796222108640070925e-01,5.795584444111170797e+01
1.556666666666666421e+00,-1.596126458173285556e+01,-6.815644698105716159e-01,5.826710301995051822e+01
1.562999999999999945e+00,-1.581466735548548108e+01,-6.835043595585262866e-01,5.855767838604642606e+01
1.569333333333333247e+00,-1.573613796757385330e+01,-6.854418925804606211e-01,5.882573097937386564e+01
1.575666666666666549e+00,-1.572738990396278425e+01,-6.873770812332615776e-01,5.906956382595308241e+01
1.582000000000000073e+00,-1.578891066814804844e+01,-6.893099377596481059e-01,5.928763328096825802e+01
1.588333333333333153e+00,-1.591995321624672144e+01,-6.912404742896774978e-01,5.947855880119706029e+01
1.594666666666666455e+00,-1.611854908175103418e+01,-6.931687028422278685e-01,5.964113168488481875e+01
1.600999999999999979e+00,-1.638154295935796512e+01,-6.950946353264538802e-01,5.977432272373321354e+01
1.607333333333333281e+00,-1.670464814027410583e+01,-6.970182835432183754e-01,5.987728871856086243e+01
1.613666666666666583e+00,-1.708252182505730232e+01,-6.989396591865000286e-01,5.994937781738657634e+01
1.620000000000000107e+00,-1.750885899083010244e+01,-7.008587738447762394e-01,5.999013364214135891e+01
1.626333333333333186e+00,-1.797650316371888835e+01,-7.027756390023840449e-01,5.999929817788390096e+01
1.632666666666666488e+00,-1.847757215036743617e+01,-7.046902660408574937e-01,5.997681340622872170e+01
1.639000000000000012e+00,-1.900359651955738727e+01,-7.066026662402427050e-01,5.992282167264602322e+01
1.645333333333333314e+00,-1.954566840096337899e+01,-7.085128507803911679e-01,5.983766478530815647e+01
1.651666666666666616e+00,-2.009459798680997267e+01,-7.104208307422325008e-01,5.972188185118741188e+01
1.657999999999999918e+00,-2.064107498686440323e+01,-7.123266171090243404e-01,5.957620586310459032e+01
1.664333333333333220e+00,-2.117583220017617762e+01,-7.142302207675840231e-01,5.940155905933460190e+01
1.670666666666666522e+00,-2.168980832978469664e+01,-7.161316525094980623e-01,5.919904708514641811e+01
1.677000000000000046e+00,-2.217430717991597078e+01,-7.180309230323133063e-01,5.896995199323919223e+01
1.683333333333333348e+00,-2.262115043874614173e+01,-7.199280429407081128e-01,5.871572412738697722e+01
1.689666666666666428e+00,-2.302282136250351385e+01,-7.218230227476447602e-01,5.843797294067484671e+01
1.695999999999999952e+00,-2.337259683653481446e+01,-7.237158728755034298e-01,5.813845680645350456e+01
1.702333333333333254e+00,-2.366466549316518453e+01,-7.256066036571973132e-01,5.781907188651714335e+01
1.708666666666666556e+00,-2.389422981114918088e+01,-7.274952253372714006e-01,5.748184012697688416e+01
1.715000000000000080e+00,-2.405759040293521878e+01,-7.293817480729818392e-01,5.712889645782536974e+01
1.721333333333333160e+00,-2.415221100890768469e+01,-7.312661819353593051e-01,5.676247527722838981e+01
1.727666666666666462e+00,-2.417676305672792481e+01,-7.331485369102560545e-01,5.638489630610863657e+01
1.733999999999999986e+00,-2.413114900291475351e+01,-7.350288228993748785e-01,5.599854990257203013e+01
1.740333333333333288e+00,-2.401650404657798887e+01,-7.369070497212831805e-01,5.560588192914825356e+01
1.746666666666666590e+00,-2.383517618519668702e+01,-7.387832271124110672e-01,5.520937826864602727e+01
1.752999999999999892e+00,-2.359068496284039185e+01,-7.406573647280332295e-01,5.481154908665032366e+01
1.759333333333333194e+00,-2.328765963558290863e+01,-7.425294721432363909e-01,5.441491294029163583e+01
1.765666666666666496e+00,-2.293175784047474153e+01,-7.443995588538711017e-01,5.402198083388977068e+01
1.772000000000000020e+00,-2.252956619697337715e+01,-7.462676342774893223e-01,5.363524032241337380e+01
1.778333333333333321e+00,-2.208848458715634067e+01,-7.481337077542670189e-01,5.325713976339093136e+01
1.784666666666666401e+00,-2.161659614778842098e+01,-7.499977885479137685e-01,5.289007281697109875e+01
1.790999999999999925e+00,-2.112252525834291106e+01,-7.518598858465674883e-01,5.253636329225856372e+01
1.797333333333333227e+00,-2.061528601997267529e+01,-7.537200087636752865e-01,5.219825043585928626e+01
1.803666666666666529e+00,-2.010412388749275081e+01,-7.555781663388625446e-01,5.187787475576993756e+01
1.810000000000000053e+00,-1.959835323672896479e+01,-7.574343675387870123e-01,5.157726447035656037e+01
1.816333333333333355e+00,-1.910719372099898195e+01,-7.592886212579814664e-01,5.129832266821112086e+01
1.822666666666666435e+00,-1.863960829176523148e+01,-7.611409363196827149e-01,5.104281526017307158e+01
1.828999999999999959e+00,-1.820414572926228658e+01,-7.629913214766496088e-01,5.081235979978929862e+01
1.835333333333333261e+00,-1.780879044966512126e+01,-7.648397854119667327e-01,5.060841524298670890e+01
1.841666666666666563e+00,-1.746082222752408342e+01,-7.666863367398383255e-01,5.043227271178700022e+01
1.848000000000000087e+00,-1.716668829799193929e+01,-7.685309840063695441e-01,5.028504732053567494e+01
1.854333333333333167e+00,-1.693189008586836763e+01,-7.703737356903355149e-01,5.016767111639191512e+01
1.860666666666666469e+00,-1.676088655151063733e+01,-7.722146002039408375e-01,5.008088717877084406e+01
1.866999999999999993e+00,-1.665701585171798271e+01,-7.740535858935659874e-01,5.002524491509350213e+01
1.873333333333333295e+00,-1.662243669192361750e+01,-7.758907010405045046e-01,5.000109658262577028e+01
1.879666666666666597e+00,-1.665809040007267328e+01,-7.777259538616886347e-01,5.000859505842564090e+01
1.885999999999999899e+00,-1.676368438850736098e+01,-7.795593525104040911e-01,5.004769287151674462e+01
1.892333333333333201e+00,-1.693769729441592986e+01,-7.813909050769958231e-01,5.011814250341527099e+01
1.898666666666666503e+00,-1.717740570853352722e+01,-7.832206195895623502e-01,5.021949795510763437e+01
1.905000000000000027e+00,-1.747893202250021716e+01,-7.850485040146406579e-01,5.035111757055874904e+01
1.911333333333333329e+00,-1.783731255425011852e+01,-7.868745662578811029e-01,5.051216809887600334e+01
1.917666666666666409e+00,-1.824658475454214113e+01,-7.886988141647133244e-01,5.070162996941253652e+01
1.923999999999999932e+00,-1.869989196250745422e+01,-7.905212555210021641e-01,5.091830374641407531e+01
1.930333333333333234e+00,-1.918960386977241939e+01,-7.923418980536935941e-01,5.116081772234700509e+01
1.936666666666666536e+00,-1.970745057673199341e+01,-7.941607494314536497e-01,5.142763660183597807e+01
1.943000000000000060e+00,-2.024466788575034215e+01,-7.959778172652958173e-01,5.171707122123520861e+01
1.949333333333333362e+00,-2.079215127864340218e+01,-7.977931091092018701e-01,5.202728924230143548e+01
1.955666666666666442e+00,-2.134061587322597831e+01,-7.996066324607321585e-01,5.235632675226933230e+01
1.961999999999999966e+00,-2.188075954865941952e+01,-8.014183947616293491e-01,5.270210069689256471e+01
1.968333333333333268e+00,-2.240342637366364542e+01,-8.032284033984115057e-01,5.306242206773948311e+01
1.974666666666666570e+00,-2.289976746633689331e+01,-8.050366657029591755e-01,5.343500976025858051e+01
1.981000000000000094e+00,-2.336139645944949095e+01,-8.068431889530929269e-01,5.381750501488137672e+01
1.987333333333333174e+00,-2.378053683985436706e+01,-8.086479803731434490e-01,5.420748634973952562e+01
1.993666666666666476e+00,-2.415015857342075023e+01,-8.104510471345142131e-01,5.460248489046168885e+01
2.000000000000000000e+00,-2.446410161513775705e+01,-8.122523963562354732e-01,5.499999999999999289e+01
